5P,c2,c4,c6,c8,c10,c12,c14,c16,c18,c20,c22,c24,c26,c28
v9,E8E4EE,EEE0FD, , , , , , , , , , , , 
v8,CDC8D2,D3C5DF,D8C1EC,DFBDF9,E5B8FF, , , , , , , , , 
v7,B4ADB9,B9AAC4,BEA6CF,C4A3DB,CA9EE7,D099F2,D794FD, , , , , , , 
v6,9A929F,9F8FAA,A58BB5,AA88BF,B083CA,B67FD4,BC79DF,C273E9,C86CF3,CF64FE, , , , 
v5,807885,867590,8C719B,926DA5,9768AF,9D63B9,A35DC2,A957CB,AF4FD4,B546DD,BB39E7,C228F0,C801F9, 
v4,685E6D,6D5A78,735681,78528A,7E4D94,84479D,8A40A6,9037AF,962CB8,9C1AC1, , , , 
v3,504456,564060,5B3C69,613772,67307B,6D2884,731D8C,790894, , , , , , 
v2,382E3D,3E2A46,42264D,491F57,4E175F,540967, , , , , , , , 
v1,241829,291431,2E0E38,33043F, , , , , , , , , , 
