7.5PB,c2,c4,c6,c8,c10,c12,c14,c16,c18,c20,c22,c24,c26,c28
v9,E2E5F0, , , , , , , , , , , , , 
v8,C7CAD5,C2C9E5,BCC9F6, , , , , , , , , , , 
v7,ACAFBB,A8AEC9,A3AED9,9EADE8,98ABF9, , , , , , , , , 
v6,9294A1,8E94AF,8A93BE,8592CB,8091D9,798FE9,728EF9, , , , , , , 
v5,787A88,747A95,7079A4,6C77B1,6776BE,6175CC,5A73DA,5371E8,4D6DF7,486AFF, , , , 
v4,5E6070,5B5F7D,575E8A,535D97,4D5BA4,485AB1,4457BD,4054CA,3E50D7,3D4AE5,3E46EE,3F3FFA,4137FF, 
v3,464758,424666,3E4573,3A437F,36418B,333E97,323AA3,3235AF,332FB9,3529C2,381FCD,3B0ED7, , 
v2,2F3040,2C2F4C,292D58,262B64,242870,25247A,261E84,29168D,2C0897, , , , , 
v1,1B1B2B,181A36,161741,17134B,190E54,1C055C, , , , , , , , 
