7.5RP,c2,c4,c6,c8,c10,c12,c14,c16,c18,c20,c22,c24,c26,c28
v9,F1E2E4,FFDBE2,FFD3E1, , , , , , , , , , , 
v8,D6C6C9,E8C0C7,F9B9C6,FFB1C6,FFA9C5,FF9FC5, , , , , , , , 
v7,BDABAE,CCA6AD,DC9FAC,EB98AC,F890AB,FF87AB,FF7CAB,FF6FAC, , , , , , 
v6,A39094,B28B93,C28492,CE7E92,DB7692,E76D92,F36293,FF5493,FF4494,FF2896, , , , 
v5,8A767A,997079,A76979,B46179,C05979,CC4D7A,D6427B,E1307C,EB117D, , , , , 
v4,725B61,805561,8D4E61,994661,A33D62,AD3063,B81C64, , , , , , , 
v3,5A4249,673B4A,72344B,7E294C,881A4E, , , , , , , , , 
v2,402C34,4A2636,531F39,5D123C, , , , , , , , , , 
v1,2B1622,330F26,3B0429, , , , , , , , , , , 
